1,BK4MCP,A Monster Called Pip Book,https://www.jellycat.com/images/products/medium/BK4MCP.jpg,"ONE SIZE - H11"" X W9""",$15.00 USD,
2,BK4OD,Otto The Loyal Long Dog Book,https://www.jellycat.com/images/products/medium/BK4OD.jpg,"ONE SIZE - H7"" X W9""",$15.00 USD,
3,BB444SH,If I Were A Seahorse Book,https://www.jellycat.com/images/products/medium/BB444SH.jpg,"ONE SIZE - H6"" X W6""",$13.50 USD,
4,BK4HE,The Happy Egg Book,https://www.jellycat.com/images/products/medium/BK4HE.jpg,"ONE SIZE - H7"" X W7""",$15.00 USD,
5,BB444PY,If I Were A Pony Book,https://www.jellycat.com/images/products/medium/BB444PY.jpg,"ONE SIZE - H6"" X W6""",$13.50 USD,
6,BB444UN,If I Were A Unicorn Book,https://www.jellycat.com/images/products/medium/BB444UN.jpg,"ONE SIZE - H6"" X W6""",$13.50 USD,
7,BK4FO,The Fearless Octopus Book,https://www.jellycat.com/images/products/medium/BK4FO.jpg,"ONE SIZE - H9"" X W9""",$15.00 USD,
8,BK4RIV,Riverside Ramblers Book,https://www.jellycat.com/images/products/medium/BK4RIV.jpg,"ONE SIZE - H11"" X W9""",$12.50 USD,
9,BK4ST,Sea Tails Book,https://www.jellycat.com/images/products/medium/BK4ST.jpg,"ONE SIZE - H8"" X W4""",$18.50 USD,
10,BK4PT,Pet Tails Book,https://www.jellycat.com/images/products/medium/BK4PT.jpg,"ONE SIZE - H8"" X W5""",$18.50 USD,
11,BB444DC,If I Were A Duck Book,https://www.jellycat.com/images/products/medium/BB444DC.jpg,"ONE SIZE - H6"" X W6""",$13.50 USD,
12,BK4MM,My Mum And Me Book,https://www.jellycat.com/images/products/medium/BK4MM.jpg,"ONE SIZE - H8"" X W8""",$15.00 USD,
13,BK4WHO,Who Can I Find Book,https://www.jellycat.com/images/products/medium/BK4WHO.jpg,"ONE SIZE - H7"" X W7""",$15.00 USD,
14,BN444J,Jungly Tails Book,https://www.jellycat.com/images/products/medium/BN444J.jpg,"ONE SIZE - H8"" X W5""",$18.50 USD,
15,BB4ELUS,If I Were An Elephant Book,https://www.jellycat.com/images/products/medium/BB4ELUS.jpg,"ONE SIZE - H6""",$13.50 USD,
16,BK4NP,The Naughty Penguins Book,https://www.jellycat.com/images/products/medium/BK4NP.jpg,"ONE SIZE - H8"" X W8""",$15.00 USD,
17,BB444BB,If I Were A Bunny Book,https://www.jellycat.com/images/products/medium/BB444BB.jpg,"ONE SIZE - H6"" X W6""",$13.50 USD,
18,BK444ND,Dino Tails Book,https://www.jellycat.com/images/products/medium/BK444ND.jpg,"ONE SIZE - H8"" X W5""",$18.50 USD,
19,BK4HD,The Hiccupy Dragon Book,https://www.jellycat.com/images/products/medium/BK4HD.jpg,"ONE SIZE - H7"" X W9""",$15.00 USD,
20,BK4DAM,My Dad And Me Book,https://www.jellycat.com/images/products/medium/BK4DAM.jpg,"ONE SIZE - H8"" X W8""",$15.00 USD,
21,BK4MB,The Magic Bunny Book,https://www.jellycat.com/images/products/medium/BK4MB.jpg,"ONE SIZE - H7"" X W7""",$15.00 USD,
22,BK4GTN,Garden Tails Book,https://www.jellycat.com/images/products/medium/BK4GTN.jpg,"ONE SIZE - H8"" X W5""",$18.50 USD,
23,BK4BL,The Very Brave Lion Book,https://www.jellycat.com/images/products/medium/BK4BL.jpg,"ONE SIZE - H9"" X W9""",$15.00 USD,
24,BK4LM,Little Me Book,https://www.jellycat.com/images/products/medium/BK4LM.jpg,"ONE SIZE - H8"" X W8""",$15.00 USD,
25,BK4AL,Albee And The Big Seed Book,https://www.jellycat.com/images/products/medium/BK4AL.jpg,"ONE SIZE - H7"" X W7""",$15.00 USD,
26,BK4MFB,My Friend Bunny Book,https://www.jellycat.com/images/products/medium/BK4MFB.jpg,"ONE SIZE - H9"" X W9""",$15.00 USD,
27,BK4PM,Puppy Makes Mischief Book,https://www.jellycat.com/images/products/medium/BK4PM.jpg,"ONE SIZE - H7""",$15.00 USD,
28,BB444PDA,If I Were A Panda Book,https://www.jellycat.com/images/products/medium/BB444PDA.jpg,"ONE SIZE - H6"" X W6""",$13.50 USD,
29,BB444HEDG,If I Were A Hedgehog Book,https://www.jellycat.com/images/products/medium/BB444HEDG.jpg,"ONE SIZE - H6"" X W6""",$13.50 USD,
30,BB444DGN,If I Were A Dragon Book,https://www.jellycat.com/images/products/medium/BB444DGN.jpg,"ONE SIZE - H6"" X W6""",$13.50 USD,
31,BB444DINO,If I Were A Dinosaur Book,https://www.jellycat.com/images/products/medium/BB444DINO.jpg,"ONE SIZE - H6"" X W6""",$13.50 USD,
32,BB444OC,If I Were An Octopus Book,https://www.jellycat.com/images/products/medium/BB444OC.jpg,"ONE SIZE - H6"" X W1""",$13.50 USD,
33,BK444FT,Farm Tails Book,https://www.jellycat.com/images/products/medium/BK444FT.jpg,"ONE SIZE - H8"" X W5""",$18.50 USD,
34,BK4YOU,If I Were You And You Were Me Book,https://www.jellycat.com/images/products/medium/BK4YOU.jpg,"ONE SIZE - H8"" X W8""",$15.00 USD,
35,BK4ECF,Elephants Can't Fly Book,https://www.jellycat.com/images/products/medium/BK4ECF.jpg,"ONE SIZE - H9""",$15.00 USD,
36,BK4C,Carrot Book,https://www.jellycat.com/images/products/medium/BK4C.jpg,"ONE SIZE - H6"" X W6""",$18.50 USD,
37,BN444JFR,Coucou Jungle Livre,https://www.jellycat.com/images/products/medium/BN444JFR.jpg,"ONE SIZE - H8"" X W5""",$18.50 USD,
38,BK4WG,In The Wild Garden Book,https://www.jellycat.com/images/products/medium/BK4WG.jpg,"ONE SIZE - H8"" X W8""",$15.00 USD,
39,BB444T,If I Were A Tiger Book,https://www.jellycat.com/images/products/medium/BB444T.jpg,"ONE SIZE - H6"" X W6""",$13.50 USD,
40,BK4EB,Elly Ballerina Book,https://www.jellycat.com/images/products/medium/BK4EB.jpg,"ONE SIZE - H12""",$15.00 USD,
41,BK4WIB,When I Am Big Book,https://www.jellycat.com/images/products/medium/BK4WIB.jpg,"ONE SIZE - H8""",$15.00 USD,
42,BB444BEE,If I Were A Bee Book,https://www.jellycat.com/images/products/medium/BB444BEE.jpg,"ONE SIZE - H6"" X W6""",$13.50 USD,
43,BB444M,If I Were A Monkey Book,https://www.jellycat.com/images/products/medium/BB444M.jpg,"ONE SIZE - H6"" X W6""",$13.50 USD,
44,BK4ML,I Might Be Little Book,https://www.jellycat.com/images/products/medium/BK4ML.jpg,"ONE SIZE - H7"" X W7""",$15.00 USD,
45,BK4DLM,Daddy Loves Me Book,https://www.jellycat.com/images/products/medium/BK4DLM.jpg,"ONE SIZE - H6"" X W6""",$20.00 USD,
46,BB444FOX,If I Were A Fox Book,https://www.jellycat.com/images/products/medium/BB444FOX.jpg,"ONE SIZE - H6"" X W6""",$13.50 USD,
47,BB444OWL,If I Were An Owl Book,https://www.jellycat.com/images/products/medium/BB444OWL.jpg,"ONE SIZE - H6"" X W6""",$13.50 USD,
48,BK4SPB,Scruffy Puppy Book,https://www.jellycat.com/images/products/medium/BK4SPB.jpg,"ONE SIZE - H7""",$15.00 USD,
49,BB444AL,If I Were An Alien Book,https://www.jellycat.com/images/products/medium/BB444AL.jpg,"ONE SIZE - H6"" X W6""",$13.50 USD,
50,BB444R,If I Were A Rabbit Book,https://www.jellycat.com/images/products/medium/BB444R.jpg,"ONE SIZE - H6"" X W6""",$13.50 USD,
51,BK4IKM,I Know A Monkey Book,https://www.jellycat.com/images/products/medium/BK4IKM.jpg,"ONE SIZE - H9"" X W9""",$15.00 USD,
52,BK4TTF,A Tale Of Two Friends Book,https://www.jellycat.com/images/products/medium/BK4TTF.jpg,"ONE SIZE - H9"" X W9""",$15.00 USD,
53,BK4S,Sweetcorn Book,https://www.jellycat.com/images/products/medium/BK4S.jpg,"ONE SIZE - H7"" X W6""",$18.50 USD,
54,BB444GI,If I Were A Giraffe Book,https://www.jellycat.com/images/products/medium/BB444GI.jpg,"ONE SIZE - H6""",$13.50 USD,
55,BB444LBN,If I Were A Lamb Book,https://www.jellycat.com/images/products/medium/BB444LBN.jpg,"ONE SIZE - H6""",$13.50 USD,
56,BB444BWP,If I Were A Puppy Book,https://www.jellycat.com/images/products/medium/BB444BWP.jpg,"ONE SIZE - H6"" X W6""",$13.50 USD,
57,BK4AA,Avocado Fabric Book,https://www.jellycat.com/images/products/medium/BK4AA.jpg,"ONE SIZE - H6"" X W6""",$18.50 USD,
58,BK4MLM,Mummy Loves Me Book,https://www.jellycat.com/images/products/medium/BK4MLM.jpg,"ONE SIZE - H6"" X W6""",$20.00 USD,
59,BK4BP,My Best Pet Book,https://www.jellycat.com/images/products/medium/BK4BP.jpg,"ONE SIZE - H9""",$15.00 USD,
60,BK4KS,The Koala Who Couldnt Sleep Book,https://www.jellycat.com/images/products/medium/BK4KS.jpg,"ONE SIZE - H8"" X W8""",$15.00 USD,
61,BK444FTFR,Coucou Ferme Livre,https://www.jellycat.com/images/products/medium/BK444FTFR.jpg,"ONE SIZE - H8"" X W5""",$18.50 USD,
62,BB444FLAM,If I Were A Flamingo Book,https://www.jellycat.com/images/products/medium/BB444FLAM.jpg,"ONE SIZE - H6"" X W6""",$13.50 USD,
63,BK4MF,My Farm Book,https://www.jellycat.com/images/products/medium/BK4MF.jpg,"ONE SIZE - H4"" X W4""",$13.00 USD,
64,BK4MJ,My Jungle Book,https://www.jellycat.com/images/products/medium/BK4MJ.jpg,"ONE SIZE - H4"" X W4""",$13.00 USD,
