1,BASBB2SET,Bashful Beige Bunny Gift Set,https://www.jellycat.com/images/products/medium/BASBB2SET.jpg,"ONE SIZE - H7"" X W7""",$35.00 USD,
2,SO4BB,Bashful Beige Bunny Soother,https://www.jellycat.com/images/products/medium/SO4BB.jpg,"ONE SIZE - H13"" X W13""",$23.50 USD,
3,,,,,,color
4,,,,,,color
5,,,,,,color
6,SO4BB,Bashful Beige Bunny Soother,https://www.jellycat.com/images/products/medium/SO4BB.jpg,"ONE SIZE - H13"" X W13""",$23.50 USD,
7,,,,,,color
8,,,,,,color
9,,,,,,color
10,SO4BB,Bashful Beige Bunny Soother,https://www.jellycat.com/images/products/medium/SO4BB.jpg,"ONE SIZE - H13"" X W13""",$23.50 USD,
11,,,,,,color
12,,,,,,color
13,,,,,,color
14,SRS4EL,Cordy Roy Baby Elephant Soother,https://www.jellycat.com/images/products/medium/SRS4EL.jpg,"ONE SIZE - H9"" X W7""",$17.00 USD,
15,BRB444S,Bredita Bunny Soother,https://www.jellycat.com/images/products/medium/BRB444S.jpg,"ONE SIZE - H9""",$15.00 USD,
16,SRS4BN,Cordy Roy Baby Bunny Soother,https://www.jellycat.com/images/products/medium/SRS4BN.jpg,"ONE SIZE - H11"" X W9""",$17.00 USD,
17,PEEK4E,Peek-A-Boo Elly Activity Toy,https://www.jellycat.com/images/products/medium/PEEK4E.jpg,"ONE SIZE - H6"" X W5""",$32.00 USD,
18,PEEK4D,Peek-A-Boo Dino Activity Toy,https://www.jellycat.com/images/products/medium/PEEK4D.jpg,"ONE SIZE - H8"" X W3""",$32.00 USD,
19,SBB444B,Bashful Blue Bunny Rattle,https://www.jellycat.com/images/products/medium/SBB444B.jpg,"SMALL - H7"" X W4""",$15.00 USD,
20,SBB444P,Bashful Pink Bunny Rattle,https://www.jellycat.com/images/products/medium/SBB444P.jpg,"SMALL - H7"" X W4""",$15.00 USD,
21,ODY4S,Odyssey Octopus Soother,https://www.jellycat.com/images/products/medium/ODY4S.jpg,"ONE SIZE - H13"" X W13""",$23.50 USD,
22,SRS4FX,Cordy Roy Baby Fox Soother,https://www.jellycat.com/images/products/medium/SRS4FX.jpg,"ONE SIZE - H9"" X W7""",$17.00 USD,
23,BB4GR,Bashful Beige Bunny Ring Rattle,https://www.jellycat.com/images/products/medium/BB4GR.jpg,"ONE SIZE - H7"" X W3""",$15.00 USD,
24,OD4S,Odell Octopus Soother,https://www.jellycat.com/images/products/medium/OD4S.jpg,"ONE SIZE - H13"" X W13""",$23.50 USD,
25,RAMR4BU,Little Rambler Bunny Rattle,https://www.jellycat.com/images/products/medium/RAMR4BU.jpg,"ONE SIZE - H6"" X W3""",$22.50 USD,
26,SRS4D,Cordy Roy Baby Dino Soother,https://www.jellycat.com/images/products/medium/SRS4D.jpg,"ONE SIZE - H9"" X W7""",$17.00 USD,
27,ZALJ2A,Zalien Jitter,https://www.jellycat.com/images/products/medium/ZALJ2A.jpg,"ONE SIZE - H7"" X W3""",$17.50 USD,
28,BBL4BBN,Blossom Bea Beige Bunny Soother,https://www.jellycat.com/images/products/medium/BBL4BBN.jpg,"ONE SIZE - H13"" X W13""",$23.50 USD,
29,SRAB4FX,Cordy Roy Baby Fox Activity Ball,https://www.jellycat.com/images/products/medium/SRAB4FX.jpg,"ONE SIZE - H4"" X W4""",$18.00 USD,
30,SBB444B,Bashful Blue Bunny Rattle,https://www.jellycat.com/images/products/medium/SBB444B.jpg,"SMALL - H7"" X W4""",$15.00 USD,
31,,,,,,color
32,BON666JN,Jungly Tails Boing Ball,https://www.jellycat.com/images/products/medium/BON666JN.jpg,"ONE SIZE - H4"" X W4""",$12.00 USD,
33,BLK2BB,Bashful Beige Bunny Blanket,https://www.jellycat.com/images/products/medium/BLK2BB.jpg,"ONE SIZE - H40"" X W30""",$45.00 USD,
34,,,,,,color
35,,,,,,color
36,SRS4HA,Cordy Roy Baby Hare Soother,https://www.jellycat.com/images/products/medium/SRS4HA.jpg,"ONE SIZE - H9"" X W7""",$17.00 USD,
37,SRJ4FXN,Cordy Roy Baby Fox Jitter,https://www.jellycat.com/images/products/medium/SRJ4FXN.jpg,"ONE SIZE - H6"" X W3""",$17.00 USD,
38,PB4GR,Bashful Pink Bunny Grabber,https://www.jellycat.com/images/products/medium/PB4GR.jpg,"ONE SIZE - H7"" X W3""",$15.00 USD,
39,BLK2BB,Bashful Beige Bunny Blanket,https://www.jellycat.com/images/products/medium/BLK2BB.jpg,"ONE SIZE - H40"" X W30""",$45.00 USD,
40,,,,,,color
41,,,,,,color
42,RAMR4BA,Little Rambler Badger Rattle,https://www.jellycat.com/images/products/medium/RAMR4BA.jpg,"ONE SIZE - H6"" X W3""",$22.50 USD,
43,ODY2AT,Odyssey Octopus Activity Toy,https://www.jellycat.com/images/products/medium/ODY2AT.jpg,"ONE SIZE - H5"" X W6""",$32.50 USD,
44,LING4BS,Lingley Bunny Soother,https://www.jellycat.com/images/products/medium/LING4BS.jpg,"ONE SIZE - H11"" X W7""",$20.00 USD,
45,SRAB4E,Cordy Roy Baby Elephant Activity Ball,https://www.jellycat.com/images/products/medium/SRAB4E.jpg,"ONE SIZE - H4"" X W4""",$18.00 USD,
46,BLK2BB,Bashful Beige Bunny Blanket,https://www.jellycat.com/images/products/medium/BLK2BB.jpg,"ONE SIZE - H40"" X W30""",$45.00 USD,
47,BLK2BL,Bashful Blue Bunny Blanket,https://www.jellycat.com/images/products/medium/BLK2BL.jpg,"ONE SIZE - H40"" X W30""",$45.00 USD,
48,,,,,,color
49,COSJ2R,Cosmopop Rocket Jitter,https://www.jellycat.com/images/products/medium/COSJ2R.jpg,"ONE SIZE - H6"" X W2""",$17.50 USD,
50,FT6BBN,Farm Tails Boing Ball,https://www.jellycat.com/images/products/medium/FT6BBN.jpg,"ONE SIZE - H4"" X W4""",$12.00 USD,
51,OD2SET,Odell Octopus Gift Set,https://www.jellycat.com/images/products/medium/OD2SET.jpg,"ONE SIZE - H7"" X W7""",$35.00 USD,
52,HAP4C,Happihoop Croc,https://www.jellycat.com/images/products/medium/HAP4C.jpg,"ONE SIZE - H3"" X W12""",$32.00 USD,
53,HAP4O,Happihoop Owl,https://www.jellycat.com/images/products/medium/HAP4O.jpg,"ONE SIZE - H8"" X W4""",$32.00 USD,
54,KAT2S,Kicketty Sneaker Activity Toy,https://www.jellycat.com/images/products/medium/KAT2S.jpg,"ONE SIZE - H6"" X W4""",$27.50 USD,
55,LEAF4BR,Woodland Beech Leaf Ring Toy,https://www.jellycat.com/images/products/medium/LEAF4BR.jpg,"ONE SIZE - H6"" X W5""",$23.00 USD,
56,AAT2C,Amuseable Cactus Activity Toy,https://www.jellycat.com/images/products/medium/AAT2C.jpg,"ONE SIZE - H10"" X W4""",$30.00 USD,
57,COSAT2R,Cosmopop Rocket Activity Toy,https://www.jellycat.com/images/products/medium/COSAT2R.jpg,"ONE SIZE - H9"" X W4""",$27.50 USD,
58,OD2AT,Odell Octopus Activity Toy,https://www.jellycat.com/images/products/medium/OD2AT.jpg,"ONE SIZE - H4"" X W8""",$32.50 USD,
59,FWS2H,Fuddlewuddle Hippo Soother,https://www.jellycat.com/images/products/medium/FWS2H.jpg,"ONE SIZE - H13"" X W13""",$23.50 USD,
60,KJ2S,Kicketty Sneaker Jitter,https://www.jellycat.com/images/products/medium/KJ2S.jpg,"ONE SIZE - H4"" X W2""",$17.50 USD,
61,LOL4LJ,Lollopylou Jitter,https://www.jellycat.com/images/products/medium/LOL4LJ.jpg,"ONE SIZE - H6"" X W2""",$17.00 USD,
62,SRAB4B,Cordy Roy Baby Bunny Activity Ball,https://www.jellycat.com/images/products/medium/SRAB4B.jpg,"ONE SIZE - H4"" X W4""",$18.00 USD,
63,FP2ST,Sea Tails Framed Print,https://www.jellycat.com/images/products/medium/FP2ST.jpg,"ONE SIZE - H21"" X W9""",$30.00 USD,
64,FLEU4SS,Fleury Sunflower Soother,https://www.jellycat.com/images/products/medium/FLEU4SS.jpg,"ONE SIZE - H13"" X W13""",$23.50 USD,
65,BONAT2C,Bonny Cottage Activity Toy,https://www.jellycat.com/images/products/medium/BONAT2C.jpg,"ONE SIZE - H8"" X W7""",$32.00 USD,
66,SRA2L,Cordy Roy Lion Activity Toy,https://www.jellycat.com/images/products/medium/SRA2L.jpg,"ONE SIZE - H11"" X W4""",$30.00 USD,
67,BRD444S,Bredita Duck Soother,https://www.jellycat.com/images/products/medium/BRD444S.jpg,"ONE SIZE - H9"" X W7""",$15.00 USD,
68,FWS2E,Fuddlewuddle Elephant Soother,https://www.jellycat.com/images/products/medium/FWS2E.jpg,"ONE SIZE - H13"" X W13""",$23.50 USD,
69,BAMS4BB,Bashful Beige Bunny Star Musical Pull,https://www.jellycat.com/images/products/medium/BAMS4BB.jpg,"ONE SIZE - H11"" X W7""",$27.50 USD,
70,BAMS4BBL,Bashful Blue Bunny Star Musical Pull,https://www.jellycat.com/images/products/medium/BAMS4BBL.jpg,"ONE SIZE - H11"" X W7""",$25.00 USD,
71,BAMS4BLBN,Blossom Bea Beige Bunny Musical Pull,https://www.jellycat.com/images/products/medium/BAMS4BLBN.jpg,"ONE SIZE - H11"" X W7""",$27.50 USD,
72,BAMS4BP,Bashful Pink Bunny Star Musical Pull,https://www.jellycat.com/images/products/medium/BAMS4BP.jpg,"ONE SIZE - H11"" X W7""",$25.00 USD,
73,BAMS4BTP,Blossom Tulip Bunny Star Musical Pull,https://www.jellycat.com/images/products/medium/BAMS4BTP.jpg,"ONE SIZE - H11"" X W7""",$27.50 USD,
74,BARS4BR,Bartholomew Bear Soother,https://www.jellycat.com/images/products/medium/BARS4BR.jpg,"ONE SIZE - H13"" X W13""",$23.50 USD,
75,BBL4BLU,Blossom Blush Bunny Soother,https://www.jellycat.com/images/products/medium/BBL4BLU.jpg,"ONE SIZE - H13"" X W13""",$23.50 USD,
76,BBL4BS,Blossom Silver Bunny Soother,https://www.jellycat.com/images/products/medium/BBL4BS.jpg,"ONE SIZE - H13"" X W13""",$23.50 USD,
77,BBL4BTP,Blossom Tulip Bunny Soother,https://www.jellycat.com/images/products/medium/BBL4BTP.jpg,"ONE SIZE - H13"" X W13""",$23.50 USD,
78,BLB4GR,Bashful Blue Bunny Grabber,https://www.jellycat.com/images/products/medium/BLB4GR.jpg,"ONE SIZE - H7"" X W3""",$15.00 USD,
79,BLB6GRN,Blossom Bea Beige Bunny Grabber,https://www.jellycat.com/images/products/medium/BLB6GRN.jpg,"ONE SIZE - H5"" X W3""",$15.00 USD,
80,FWS2LN,Fuddlewuddle Lion Soother,https://www.jellycat.com/images/products/medium/FWS2LN.jpg,"ONE SIZE - H13"" X W13""",$23.50 USD,
81,LING4ES,Lingley Elephant Soother,https://www.jellycat.com/images/products/medium/LING4ES.jpg,"ONE SIZE - H11"" X W7""",$20.00 USD,
82,SNUG4ES,Snugglet Elephant Soother,https://www.jellycat.com/images/products/medium/SNUG4ES.jpg,"ONE SIZE - H13"" X W13""",$23.50 USD,
83,SNUG4KS,Snugglet Koala Soother,https://www.jellycat.com/images/products/medium/SNUG4KS.jpg,"ONE SIZE - H13"" X W13""",$23.50 USD,
84,SO4BB,Bashful Beige Bunny Soother,https://www.jellycat.com/images/products/medium/SO4BB.jpg,"ONE SIZE - H13"" X W13""",$23.50 USD,
85,SO4BS,Bashful Silver Bunny Soother,https://www.jellycat.com/images/products/medium/SO4BS.jpg,"ONE SIZE - H13"" X W13""",$23.50 USD,
86,,,,,,color
87,,,,,,color
88,SO4BDR,Bashful Dragon Soother,https://www.jellycat.com/images/products/medium/SO4BDR.jpg,"ONE SIZE - H13"" X W13""",$23.50 USD,
89,SO4DNO,Bashful Dino Soother,https://www.jellycat.com/images/products/medium/SO4DNO.jpg,"ONE SIZE - H13"" X W13""",$23.50 USD,
90,SO4DUSK,Bashful Dusky Blue Bunny Soother,https://www.jellycat.com/images/products/medium/SO4DUSK.jpg,"ONE SIZE - H13"" X W13""",$23.50 USD,
91,SO4FX,Bashful Fox Soother,https://www.jellycat.com/images/products/medium/SO4FX.jpg,"ONE SIZE - H13"" X W13""",$23.50 USD,
92,SO4LAM,Bashful Lamb Soother,https://www.jellycat.com/images/products/medium/SO4LAM.jpg,"ONE SIZE - H13"" X W13""",$23.50 USD,
93,SRA2B,Cordy Roy Bunny Activity Toy,https://www.jellycat.com/images/products/medium/SRA2B.jpg,"ONE SIZE - H11"" X W4""",$30.00 USD,
94,SRA2D,Cordy Roy Dino Activity Toy,https://www.jellycat.com/images/products/medium/SRA2D.jpg,"ONE SIZE - H11"" X W4""",$30.00 USD,
95,SRA2E,Cordy Roy Elephant Activity Toy,https://www.jellycat.com/images/products/medium/SRA2E.jpg,"ONE SIZE - H11"" X W4""",$30.00 USD,
96,SRA2F,Cordy Roy Fox Activity Toy,https://www.jellycat.com/images/products/medium/SRA2F.jpg,"ONE SIZE - H11"" X W4""",$30.00 USD,
97,SRJ4E,Cordy Roy Baby Elephant Jitter,https://www.jellycat.com/images/products/medium/SRJ4E.jpg,"ONE SIZE - H6"" X W3""",$17.00 USD,
98,SRS4L,Cordy Roy Baby Lion Soother,https://www.jellycat.com/images/products/medium/SRS4L.jpg,"ONE SIZE - H11"" X W9""",$17.00 USD,
99,SRSAT4FX,Cordy Roy Baby Fox Spiral Activity Toy,https://www.jellycat.com/images/products/medium/SRSAT4FX.jpg,"ONE SIZE - H5"" X W5""",$32.00 USD,
