1,A2MOON,Amuseable Moon,https://www.jellycat.com/images/products/medium/A2MOON.jpg,"LARGE - H10"" X W8""",$28.50 USD,
2,A2SUN,Amuseable Sun,https://www.jellycat.com/images/products/medium/A2SUN.jpg,"HUGE - H14"" X W10""",$57.50 USD,
3,,,,,,size
4,PRET3TAF,Pretty Patisserie Tarte Aux Fraises,https://www.jellycat.com/images/products/medium/PRET3TAF.jpg,"ONE SIZE - H3"" X W4""",$16.50 USD,
5,PRET3G,Pretty Patisserie Gateaux,https://www.jellycat.com/images/products/medium/PRET3G.jpg,"ONE SIZE - H3"" X W2""",$16.50 USD,
6,A2AV,Amuseable Aloe Vera,https://www.jellycat.com/images/products/medium/A2AV.jpg,"ONE SIZE - H18"" X W6""",$60.00 USD,
7,A2SAN,Amuseable Sandwich,https://www.jellycat.com/images/products/medium/A2SAN.jpg,"ONE SIZE - H5"" X W9""",$30.00 USD,
8,PRET3TAC,Pretty Patisserie Tarte Au Citron,https://www.jellycat.com/images/products/medium/PRET3TAC.jpg,"ONE SIZE - H2"" X W4""",$13.50 USD,
9,PRET3PR,Pretty Patisserie Religieuse,https://www.jellycat.com/images/products/medium/PRET3PR.jpg,"ONE SIZE - H4"" X W3""",$13.50 USD,
10,PRET3MF,Pretty Patisserie Mille Feuille,https://www.jellycat.com/images/products/medium/PRET3MF.jpg,"ONE SIZE - H2"" X W4""",$15.00 USD,
11,PRET3E,Pretty Patisserie Eclair,https://www.jellycat.com/images/products/medium/PRET3E.jpg,"ONE SIZE - H3"" X W5""",$15.00 USD,
12,PRET3DF,Pretty Patisserie Dome Framboise,https://www.jellycat.com/images/products/medium/PRET3DF.jpg,"ONE SIZE - H2"" X W4""",$15.00 USD,
13,VV6M,Vivacious Vegetable Mushroom,https://www.jellycat.com/images/products/medium/VV6M.jpg,"ONE SIZE - H3"" X W3""",$13.50 USD,
14,A6RH,Amuseable Red Heart,https://www.jellycat.com/images/products/medium/A6RH.jpg,"SMALL - H4"" X W5""",$15.00 USD,
15,A6HPH,Amuseable Hot Pink Heart,https://www.jellycat.com/images/products/medium/A6HPH.jpg,"SMALL - H4"" X W5""",$15.00 USD,
16,SS6J,Silly Succulent Jade,https://www.jellycat.com/images/products/medium/SS6J.jpg,"ONE SIZE - H6"" X W2""",$22.50 USD,
17,SSEE3H,Silly Seedling Happy,https://www.jellycat.com/images/products/medium/SSEE3H.jpg,"ONE SIZE - H5"" X W2""",$16.50 USD,
18,,,,,,color
19,,,,,,color
20,SSEE3H,Silly Seedling Happy,https://www.jellycat.com/images/products/medium/SSEE3H.jpg,"ONE SIZE - H5"" X W2""",$16.50 USD,
21,,,,,,color
22,,,,,,color
23,SS6PPC,Silly Succulent Prickly Pear Cactus,https://www.jellycat.com/images/products/medium/SS6PPC.jpg,"ONE SIZE - H9"" X W3""",$22.50 USD,
24,A2CLEM,Amuseable Clementine,https://www.jellycat.com/images/products/medium/A2CLEM.jpg,"LARGE - H6"" X W8""",$27.50 USD,
25,A2CLEM,Amuseable Clementine,https://www.jellycat.com/images/products/medium/A2CLEM.jpg,"SMALL - H4"" X W5""",$18.50 USD,
26,A2A,Amuseable Avocado,https://www.jellycat.com/images/products/medium/A2A.jpg,"HUGE - H20"" X W7""",$55.00 USD,
27,,,,,,size
28,,,,,,size
29,FABF6B,Fabulous Fruit Banana,https://www.jellycat.com/images/products/medium/FABF6B.jpg,"ONE SIZE - H7"" X W5""",$11.00 USD,
30,SSEA6SH,Sensational Seafood Shrimp,https://www.jellycat.com/images/products/medium/SSEA6SH.jpg,"ONE SIZE - H2"" X W3""",$12.00 USD,
31,VV6PC,Vivacious Vegetable Bok Choy,https://www.jellycat.com/images/products/medium/VV6PC.jpg,"ONE SIZE - H7"" X W2""",$16.50 USD,
32,FABF6PEACH,Fabulous Fruit Peach,https://www.jellycat.com/images/products/medium/FABF6PEACH.jpg,"ONE SIZE - H4"" X W3""",$11.00 USD,
33,VV6B,Vivacious Vegetable Broccoli,https://www.jellycat.com/images/products/medium/VV6B.jpg,"ONE SIZE - H7"" X W6""",$18.50 USD,
34,FUNG3R,Fun-Guy Robbie,https://www.jellycat.com/images/products/medium/FUNG3R.jpg,"ONE SIZE - H6"" X W3""",$18.00 USD,
35,VV6SC,Vivacious Vegetable Sweetcorn,https://www.jellycat.com/images/products/medium/VV6SC.jpg,"ONE SIZE - H8"" X W2""",$13.50 USD,
36,ICE6STRAW,Irresistible Ice Cream Strawberry,https://www.jellycat.com/images/products/medium/ICE6STRAW.jpg,"ONE SIZE - H7"" X W3""",$15.00 USD,
37,FABF6R,Fabulous Fruit Raspberry,https://www.jellycat.com/images/products/medium/FABF6R.jpg,"ONE SIZE - H4"" X W3""",$12.00 USD,
38,FABF6PEAR,Fabulous Fruit Pear,https://www.jellycat.com/images/products/medium/FABF6PEAR.jpg,"ONE SIZE - H4"" X W3""",$11.00 USD,
39,A2PPOD,Amuseable Pea In A Pod,https://www.jellycat.com/images/products/medium/A2PPOD.jpg,"ONE SIZE - H4"" X W10""",$27.50 USD,
40,VV6R,Vivacious Vegetable Radish,https://www.jellycat.com/images/products/medium/VV6R.jpg,"ONE SIZE - H7"" X W3""",$13.50 USD,
41,SS6AZ,Silly Succulent Azulita,https://www.jellycat.com/images/products/medium/SS6AZ.jpg,"ONE SIZE - H6"" X W3""",$22.50 USD,
42,VV6C,Vivacious Vegetable Carrot,https://www.jellycat.com/images/products/medium/VV6C.jpg,"ONE SIZE - H7"" X W2""",$13.50 USD,
43,VV6L,Vivacious Vegetable Leek,https://www.jellycat.com/images/products/medium/VV6L.jpg,"ONE SIZE - H9"" X W2""",$12.50 USD,
44,A6PC,Amuseable Popcorn,https://www.jellycat.com/images/products/medium/A6PC.jpg,"ONE SIZE - H7"" X W5""",$28.50 USD,
45,FABF6MEL,Fabulous Fruit Melon,https://www.jellycat.com/images/products/medium/FABF6MEL.jpg,"ONE SIZE - H3"" X W6""",$12.00 USD,
46,SSEA6SC,Sensational Seafood Scallop,https://www.jellycat.com/images/products/medium/SSEA6SC.jpg,"ONE SIZE - H3"" X W4""",$12.50 USD,
47,FUNG3O,Fun-Guy Ozzie,https://www.jellycat.com/images/products/medium/FUNG3O.jpg,"ONE SIZE - H7"" X W3""",$20.00 USD,
48,FABF6A,Fabulous Fruit Apple,https://www.jellycat.com/images/products/medium/FABF6A.jpg,"ONE SIZE - H3"" X W4""",$12.00 USD,
49,VV6KL,Vivacious Vegetable Kale Leaf,https://www.jellycat.com/images/products/medium/VV6KL.jpg,"ONE SIZE - H8"" X W3""",$13.50 USD,
50,FUNG3P,Fun-Guy Pattie,https://www.jellycat.com/images/products/medium/FUNG3P.jpg,"ONE SIZE - H8"" X W3""",$18.00 USD,
51,VV6T,Vivacious Vegetable Tomato,https://www.jellycat.com/images/products/medium/VV6T.jpg,"ONE SIZE - H3"" X W8""",$17.50 USD,
52,VV6PEA,Vivacious Vegetable Pea,https://www.jellycat.com/images/products/medium/VV6PEA.jpg,"ONE SIZE - H7"" X W2""",$13.50 USD,
53,FABF6G,Fabulous Fruit Grapes,https://www.jellycat.com/images/products/medium/FABF6G.jpg,"ONE SIZE - H6"" X W3""",$18.00 USD,
54,SSEA6LB,Sensational Seafood Lobster,https://www.jellycat.com/images/products/medium/SSEA6LB.jpg,"ONE SIZE - H6"" X W4""",$12.50 USD,
55,VV6AS,Vivacious Vegetable Asparagus,https://www.jellycat.com/images/products/medium/VV6AS.jpg,"ONE SIZE - H9"" X W2""",$13.50 USD,
56,FOR3L,Forestree Lime,https://www.jellycat.com/images/products/medium/FOR3L.jpg,"ONE SIZE - H9"" X W6""",$25.00 USD,
57,,,,,,color
58,SSEA6SA,Sensational Seafood Sardine,https://www.jellycat.com/images/products/medium/SSEA6SA.jpg,"ONE SIZE - H1"" X W6""",$12.00 USD,
59,A6HD,Amuseable Hot Dog,https://www.jellycat.com/images/products/medium/A6HD.jpg,"ONE SIZE - H4"" X W10""",$25.00 USD,
60,A2TM,Amuseable Tomato,https://www.jellycat.com/images/products/medium/A2TM.jpg,"ONE SIZE - H7"" X W6""",$25.00 USD,
61,VV6BEET,Vivacious Vegetable Beetroot,https://www.jellycat.com/images/products/medium/VV6BEET.jpg,"ONE SIZE - H9"" X W3""",$13.50 USD,
62,A6C,Amuseable Croissant,https://www.jellycat.com/images/products/medium/A6C.jpg,"LARGE - H7"" X W13""",$25.00 USD,
63,,,,,,size
64,A3PCN,Amuseable Pine Cone,https://www.jellycat.com/images/products/medium/A3PCN.jpg,"ONE SIZE - H5"" X W4""",$27.50 USD,
65,A6COF,Amuseable Coffee-To-Go,https://www.jellycat.com/images/products/medium/A6COF.jpg,"ONE SIZE - H6"" X W2""",$22.50 USD,
66,A2OR,Amuseable Purple Orchid,https://www.jellycat.com/images/products/medium/A2OR.jpg,"ONE SIZE - H11"" X W4""",$42.50 USD,
67,SSEA6CR,Sensational Seafood Crab,https://www.jellycat.com/images/products/medium/SSEA6CR.jpg,"ONE SIZE - H4"" X W4""",$12.50 USD,
68,A6P,Amuseable Pineapple,https://www.jellycat.com/images/products/medium/A6P.jpg,"HUGE - H19"" X W7""",$60.00 USD,
69,,,,,,size
70,,,,,,size
71,SSEA6M,Sensational Seafood Mussel,https://www.jellycat.com/images/products/medium/SSEA6M.jpg,"ONE SIZE - H4"" X W3""",$12.00 USD,
72,WN2B,Wild Nature Boletus Mushroom,https://www.jellycat.com/images/products/medium/WN2B.jpg,"ONE SIZE - H6"" X W4""",$20.00 USD,
73,FOR3L,Forestree Lime,https://www.jellycat.com/images/products/medium/FOR3L.jpg,"ONE SIZE - H9"" X W6""",$25.00 USD,
74,FOR3P,Forestree Pine,https://www.jellycat.com/images/products/medium/FOR3P.jpg,"ONE SIZE - H9"" X W6""",$25.00 USD,
75,FLEU2G,Fleury Gerbera,https://www.jellycat.com/images/products/medium/FLEU2G.jpg,"LARGE - H14"" X W14""",$35.00 USD,
76,FLEU2G,Fleury Gerbera,https://www.jellycat.com/images/products/medium/FLEU2G.jpg,"SMALL - H8"" X W8""",$18.50 USD,
77,A2DC,Amuseable Desert Cactus,https://www.jellycat.com/images/products/medium/A2DC.jpg,"LARGE - H16"" X W7""",$37.50 USD,
78,A2DC,Amuseable Desert Cactus,https://www.jellycat.com/images/products/medium/A2DC.jpg,"SMALL - H12"" X W3""",$25.00 USD,
79,SSEA6L,Sensational Seafood Langoustine,https://www.jellycat.com/images/products/medium/SSEA6L.jpg,"ONE SIZE - H2"" X W4""",$12.50 USD,
80,WN2P,Wild Nature Parasol Mushroom,https://www.jellycat.com/images/products/medium/WN2P.jpg,"ONE SIZE - H8"" X W4""",$22.50 USD,
81,WN2C,Wild Nature Chanterelle Mushroom,https://www.jellycat.com/images/products/medium/WN2C.jpg,"ONE SIZE - H6"" X W4""",$20.00 USD,
82,A2SP,Amuseable Snake Plant,https://www.jellycat.com/images/products/medium/A2SP.jpg,"ONE SIZE - H15"" X W6""",$62.50 USD,
83,A2TEAP,Amuseable Teapot,https://www.jellycat.com/images/products/medium/A2TEAP.jpg,"ONE SIZE - H8"" X W7""",$26.50 USD,
84,ICE6MINT,Irresistible Ice Cream Mint,https://www.jellycat.com/images/products/medium/ICE6MINT.jpg,"ONE SIZE - H7"" X W3""",$15.00 USD,
85,FLEU2S,Fleury Sunflower,https://www.jellycat.com/images/products/medium/FLEU2S.jpg,"LARGE - H15"" X W15""",$35.00 USD,
86,FLEU2S,Fleury Sunflower,https://www.jellycat.com/images/products/medium/FLEU2S.jpg,"SMALL - H8"" X W8""",$18.50 USD,
87,ICE6VAN,Irresistible Ice Cream Vanilla,https://www.jellycat.com/images/products/medium/ICE6VAN.jpg,"ONE SIZE - H7"" X W3""",$15.00 USD,
88,SMST2RUL,Smart Stationery Ruler,https://www.jellycat.com/images/products/medium/SMST2RUL.jpg,"MEDIUM - H4"" X W13""",$25.00 USD,
89,SMST2RUL,Smart Stationery Ruler,https://www.jellycat.com/images/products/medium/SMST2RUL.jpg,"SMALL - H3"" X W6""",$17.50 USD,
90,A6L,Amuseable Lemon,https://www.jellycat.com/images/products/medium/A6L.jpg,"LARGE - H9"" X W11""",$27.50 USD,
91,,,,,,size
92,A2W,Amuseable Watermelon,https://www.jellycat.com/images/products/medium/A2W.jpg,"HUGE - H9"" X W15""",$60.00 USD,
93,,,,,,size
94,,,,,,size
95,VV6O,Vivacious Vegetable Onion,https://www.jellycat.com/images/products/medium/VV6O.jpg,"ONE SIZE - H4"" X W3""",$13.50 USD,
96,FABF6BB,Fabulous Fruit Blueberry,https://www.jellycat.com/images/products/medium/FABF6BB.jpg,"ONE SIZE - H4"" X W3""",$11.00 USD,
97,FLEU2D,Fleury Daisy,https://www.jellycat.com/images/products/medium/FLEU2D.jpg,"LARGE - H15"" X W15""",$35.00 USD,
98,FLEU2D,Fleury Daisy,https://www.jellycat.com/images/products/medium/FLEU2D.jpg,"SMALL - H8"" X W8""",$18.50 USD,
99,A6EC,Amuseable Espresso Cup,https://www.jellycat.com/images/products/medium/A6EC.jpg,"ONE SIZE - H4"" X W2""",$15.00 USD,
100,VV6PUM,Vivacious Vegetable Pumpkin,https://www.jellycat.com/images/products/medium/VV6PUM.jpg,"ONE SIZE - H6"" X W5""",$16.50 USD,
101,A2BC,Amuseable Birthday Cake,https://www.jellycat.com/images/products/medium/A2BC.jpg,"ONE SIZE - H6"" X W5""",$28.50 USD,
102,A2PB,Amuseable Potted Bamboo,https://www.jellycat.com/images/products/medium/A2PB.jpg,"ONE SIZE - H12"" X W5""",$50.00 USD,
103,SQUS3Y,Squishy Squash Yellow,https://www.jellycat.com/images/products/medium/SQUS3Y.jpg,"ONE SIZE - H7"" X W4""",$23.50 USD,
104,SS6A,Silly Succulent Aloe,https://www.jellycat.com/images/products/medium/SS6A.jpg,"ONE SIZE - H8"" X W2""",$22.50 USD,
105,A2E,Amuseable Fried Egg,https://www.jellycat.com/images/products/medium/A2E.jpg,"ONE SIZE - H2"" X W11""",$22.50 USD,
106,A2CF,Amuseable Cauliflower,https://www.jellycat.com/images/products/medium/A2CF.jpg,"ONE SIZE - H8"" X W6""",$30.00 USD,
107,A2BB,Amuseable Bluebell,https://www.jellycat.com/images/products/medium/A2BB.jpg,"ONE SIZE - H10"" X W8""",$27.50 USD,
108,A2BONT,Amuseable Bonsai Tree,https://www.jellycat.com/images/products/medium/A2BONT.jpg,"ONE SIZE - H13"" X W7""",$60.00 USD,
109,A2BRIE,Amuseable Brie,https://www.jellycat.com/images/products/medium/A2BRIE.jpg,"ONE SIZE - H4"" X W9""",$23.50 USD,
110,A2BRO,Amuseable Broccoli,https://www.jellycat.com/images/products/medium/A2BRO.jpg,"ONE SIZE - H9"" X W9""",$32.50 USD,
111,A2CL,Amuseable Cloud,https://www.jellycat.com/images/products/medium/A2CL.jpg,"HUGE - H14"" X W18""",$52.50 USD,
112,,,,,,size
113,A2D,Amuseable Daffodil,https://www.jellycat.com/images/products/medium/A2D.jpg,"ONE SIZE - H12"" X W3""",$27.50 USD,
114,A2DEGG,Amuseable Devilled Egg,https://www.jellycat.com/images/products/medium/A2DEGG.jpg,"ONE SIZE - H6"" X W3""",$15.00 USD,
115,A2GC,Amuseable Goat Cheese,https://www.jellycat.com/images/products/medium/A2GC.jpg,"ONE SIZE - H6"" X W5""",$22.50 USD,
116,A2ORC,Amuseable Cream Orchid,https://www.jellycat.com/images/products/medium/A2ORC.jpg,"ONE SIZE - H11"" X W4""",$42.50 USD,
117,A2PRET,Amuseable Pretzel,https://www.jellycat.com/images/products/medium/A2PRET.jpg,"HUGE - H12"" X W11""",$60.00 USD,
118,,,,,,size
119,A2RB,Amuseable Rainbow,https://www.jellycat.com/images/products/medium/A2RB.jpg,"MEDIUM - H7"" X W13""",$27.50 USD,
120,A2TU,Amuseable Tulip,https://www.jellycat.com/images/products/medium/A2TU.jpg,"ONE SIZE - H9"" X W3""",$27.50 USD,
121,A6AC,Amuseable Acorn,https://www.jellycat.com/images/products/medium/A6AC.jpg,"ONE SIZE - H4"" X W4""",$20.00 USD,
122,A1BE,Amuseable Happy Boiled Egg,https://www.jellycat.com/images/products/medium/A1BE.jpg,"HUGE - H11"" X W7""",$32.00 USD,
123,A1BE,Amuseable Happy Boiled Egg,https://www.jellycat.com/images/products/medium/A1BE.jpg,"LARGE - H9"" X W5""",$25.00 USD,
124,,,,,,size
125,A6CON,Amuseable Conker,https://www.jellycat.com/images/products/medium/A6CON.jpg,"ONE SIZE - H4"" X W4""",$20.00 USD,
126,A6LV,Amuseable Olives,https://www.jellycat.com/images/products/medium/A6LV.jpg,"ONE SIZE - H4"" X W4""",$20.00 USD,
127,A6PACHOC,Amuseable Pain Au Chocolat,https://www.jellycat.com/images/products/medium/A6PACHOC.jpg,"ONE SIZE - H4"" X W6""",$18.50 USD,
128,A6PARAI,Amuseable Pain Au Raisin,https://www.jellycat.com/images/products/medium/A6PARAI.jpg,"ONE SIZE - H5"" X W5""",$18.00 USD,
129,A6TS,Amuseable Toadstool,https://www.jellycat.com/images/products/medium/A6TS.jpg,"MEDIUM - H6"" X W4""",$20.00 USD,
130,BE6BLU,Boiled Egg Blushing,https://www.jellycat.com/images/products/medium/BE6BLU.jpg,"ONE SIZE - H6"" X W3""",$15.00 USD,
131,FABF6C,Fabulous Fruit Cherry,https://www.jellycat.com/images/products/medium/FABF6C.jpg,"ONE SIZE - H4"" X W4""",$11.00 USD,
132,FABF6KI,Fabulous Fruit Kiwi,https://www.jellycat.com/images/products/medium/FABF6KI.jpg,"ONE SIZE - H3"" X W3""",$11.00 USD,
133,FABF6O,Fabulous Fruit Orange,https://www.jellycat.com/images/products/medium/FABF6O.jpg,"ONE SIZE - H4"" X W4""",$12.00 USD,
134,FABF6P,Fabulous Fruit Plum,https://www.jellycat.com/images/products/medium/FABF6P.jpg,"ONE SIZE - H2"" X W3""",$11.00 USD,
135,FABF6S,Fabulous Fruit Strawberry,https://www.jellycat.com/images/products/medium/FABF6S.jpg,"ONE SIZE - H3"" X W3""",$12.00 USD,
136,ICE6CHOC,Irresistible Ice Cream Chocolate,https://www.jellycat.com/images/products/medium/ICE6CHOC.jpg,"ONE SIZE - H7"" X W3""",$15.00 USD,
137,SIL3C,Silly Sushi California,https://www.jellycat.com/images/products/medium/SIL3C.jpg,"ONE SIZE - H4"" X W4""",$15.00 USD,
138,SIL3N,Silly Sushi Nigiri,https://www.jellycat.com/images/products/medium/SIL3N.jpg,"ONE SIZE - H4"" X W4""",$15.00 USD,
139,SS6C,Silly Succulent Cactus,https://www.jellycat.com/images/products/medium/SS6C.jpg,"ONE SIZE - H7"" X W2""",$22.50 USD,
140,SS6COL,Silly Succulent Columnar Cactus,https://www.jellycat.com/images/products/medium/SS6COL.jpg,"ONE SIZE - H6"" X W4""",$22.50 USD,
141,VV6A,Vivacious Vegetable Aubergine,https://www.jellycat.com/images/products/medium/VV6A.jpg,"ONE SIZE - H7"" X W3""",$13.50 USD,
142,BE6LAU,Laughing Boiled Egg,https://www.jellycat.com/images/products/medium/BE6LAU.jpg,"ONE SIZE - H6"" X W3""",$15.00 USD,
